{
	"description": "项目配置文件",
	"packOptions": {
		"ignore": []
	},
	"setting": {
		"urlCheck": false,
		"es6": true,
		"postcss": true,
		"preloadBackgroundData": false,
		"minified": true,
		"newFeature": true,
		"coverView": true,
		"autoAudits": false,
		"showShadowRootInWxmlPanel": true,
		"scopeDataCheck": false,
		"checkInvalidKey": true,
		"checkSiteMap": true,
		"uploadWithSourceMap": true,
		"babelSetting": {
			"ignore": [],
			"disablePlugins": [],
			"outputPath": ""
		}
	},
	"compileType": "miniprogram",
	"libVersion": "2.10.4",
	"appid": "wx7bdb623f0f445e18",
	"projectname": "%E7%94%B5%E5%95%86%E9%A1%B9%E7%9B%AE",
	"debugOptions": {
		"hidedInDevtools": []
	},
	"isGameTourist": false,
	"simulatorType": "wechat",
	"simulatorPluginLibVersion": {},
	"condition": {
		"search": {
			"current": -1,
			"list": []
		},
		"conversation": {
			"current": -1,
			"list": []
		},
		"plugin": {
			"current": -1,
			"list": []
		},
		"game": {
			"currentL": -1,
			"list": []
		},
		"gamePlugin": {
			"current": -1,
			"list": []
		},
		"miniprogram": {
			"current": -1,
			"list": [
				{
					"id": -1,
					"name": "分类",
					"pathName": "pages/category/category",
					"query": "",
					"scene": null
				},
				{
					"id": -1,
					"name": "商品列表",
					"pathName": "pages/goods_list/goods_list",
					"query": "cid=5",
					"scene": null
				},
				{
					"id": 2,
					"name": "商品详情",
					"pathName": "pages/goods_detail/goods_detail",
					"query": "goods_id=43986",
					"scene": null
				},
				{
					"id": -1,
					"name": "购物车",
					"pathName": "pages/cart/cart",
					"query": "goods_id=43986",
					"scene": null
				},
				{
					"id": -1,
					"name": "支付",
					"pathName": "pages/pay/pay",
					"query": "",
					"scene": null
				},
				{
					"id": -1,
					"name": "授权",
					"pathName": "pages/auth/auth",
					"query": "",
					"scene": null
				},
				{
					"id": -1,
					"name": "登陆页面",
					"pathName": "pages/login/login",
					"query": "",
					"scene": null
				},
				{
					"id": -1,
					"name": "个人中心",
					"pathName": "pages/user/user",
					"query": "",
					"scene": null
				},
				{
					"id": -1,
					"name": "订单",
					"pathName": "pages/order/order",
					"query": "type=1",
					"scene": null
				},
				{
					"id": -1,
					"name": "商品收藏",
					"pathName": "pages/collect/collect",
					"query": "",
					"scene": null
				},
				{
					"id": -1,
					"name": "搜索",
					"pathName": "pages/search/search",
					"query": "",
					"scene": null
				},
				{
					"id": -1,
					"name": "意见反馈",
					"pathName": "pages/feedback/feedback",
					"query": "",
					"scene": null
				}
			]
		}
	}
}